acc	A	C	D	E	F	G	H	I	K	L	M	N	P	Q	R	S	T	V	W	Y
ERS1003585|ERS1003585|SC|contig000002|-|3405727|3415932	0.0488441589568859	0.0221365234222999	0.0329676426656552	0.0413680165868708	0.0222826712441901	0.0495862060545329	0.0324742888581586	0.0581641114791903	0.0620156093727474	0.0771270772055133	0.0166623201715698	0.0494224431862772	0.0481132164372846	0.0407489529583701	0.0902121755437567	0.0821342762635417	0.0732232418165288	0.0499135797740831	0.0111147361802134	0.0331852987571979
ERS1003585|ERS1003585|SC|contig000002|-|3426274|3440760	0.0494969317723083	0.0280384177098046	0.0331758680552167	0.039082669224747	0.0295255470894818	0.0579930460268093	0.0283155272936869	0.0577670025342076	0.0486964680191372	0.0869046255334569	0.0183240546416257	0.041336675048157	0.0422455177425922	0.033356968544172	0.0885796009970553	0.0852980671376961	0.0616724958378589	0.061068938662979	0.0147064663115486	0.0349354826166316
ERS1003585|ERS1003585|SC|contig000002|+|2688530|2691595	0.0438526283768365	0.0286801332907367	0.0335364012589841	0.0412248775301486	0.0317585715108021	0.0577379865569797	0.0254712612822991	0.062893520059717	0.053379494954119	0.0875991027684456	0.0198924068603144	0.0434241717388748	0.0333065479112114	0.0313107425806427	0.085077505906985	0.082096037301269	0.0567820038629418	0.0639354063096989	0.0153628661586479	0.0371360965028153
ERS1003587|ERS1003587|SC|contig000006|+|1776967|1779084	0.0456724175510957	0.0226455524899023	0.0323118905266742	0.0394734544984475	0.0250557221562333	0.045470773323497	0.0324551805068368	0.0624888807606731	0.062317294019722	0.081142378766479	0.0169365896773219	0.051011232937898	0.0458749559881294	0.0396485030771546	0.0851458720495432	0.0828452305665783	0.0721036835839914	0.0503102347858648	0.0107280926186407	0.0357508500505774
ERS1003588|ERS1003588|SC|contig000001|+|359610|360359	0.0529023725423784	0.022211845397752	0.029485900030934	0.0290938002964801	0.0263765664098305	0.0371606909565975	0.0419764549051491	0.0561535832204805	0.0458631435229235	0.0888473815910081	0.0134098109183237	0.0464812451876529	0.0753124053554692	0.0414182573665168	0.0819961728388584	0.0923074674250083	0.0833947122716659	0.0441283205109595	0.00850666419488376	0.0350145062867341
ERS1003589|ERS1003589|SC|contig000002|-|2357365|2359578	0.0443921586917597	0.0236700776455274	0.0324969526116702	0.0398603104541937	0.0266907360898311	0.0467388807371391	0.0308653064554357	0.0639518069460643	0.061708430410258	0.0827957527684555	0.0176393327872006	0.05030908981723	0.0421632636946839	0.0378589559544015	0.0842524691459534	0.0825542194209976	0.0687242624098372	0.0527034659358117	0.0113940555030837	0.0366440532587662
ERS1003589|ERS1003589|SC|contig000002|-|2383221|2386109	0.0386644440698495	0.0198397705280888	0.0317024226390974	0.042261354027382	0.0233776317061745	0.0392825257690123	0.0312036082968738	0.0698795298165979	0.0795725144886196	0.0767230286855461	0.0172735916400579	0.0596914496194193	0.0380560874323868	0.0415964026528253	0.0809257980972315	0.077261575266857	0.0728000109496991	0.0462874516928571	0.00917408952471042	0.0373556518509644
ERS1003589|ERS1003589|SC|contig000002|-|2621097|2626220	0.0315814809438192	0.0216513780188662	0.0327678568328505	0.0482187236888809	0.0261947498222681	0.0442305006196272	0.0233969191313482	0.0773745516919039	0.0882890651016464	0.0767548386964079	0.02060642734228	0.0599983413875406	0.0225498225123463	0.0344291536831471	0.0798002046327001	0.0709764637685947	0.0578260728144953	0.0535119241479798	0.0112541187868335	0.0396439344969399
ERS1003589|ERS1003589|SC|contig000002|+|1069574|1073680	0.0383787960398071	0.0174201672126936	0.0317106094685304	0.0454782050384974	0.0191039008466343	0.0386662776580828	0.0314748428553815	0.0680041946761097	0.0907873461177438	0.0694863918930121	0.0166452487423781	0.0633033356304864	0.0380934518313327	0.0451400771199955	0.0838570010783045	0.0737988802185048	0.076614919975377	0.042403538695667	0.00833812274059535	0.0347755754394665
ERS1003590|ERS1003590|SC|contig000001|+|1487548|1488684	0.0333837238599143	0.016162942848226	0.0255765249466434	0.0278374332292196	0.0277514679092182	0.0196593040508384	0.0434318348150548	0.0788518425202728	0.0756337808492003	0.0875238603290729	0.0128589158571522	0.0694909357040876	0.0566893424036281	0.0472711130307502	0.0612211570891339	0.082895748932534	0.090702947845805	0.0337546541250245	0.00473279541964629	0.0439144107574443
ERS1018578|ERS1018578|SC|contig000002|+|19969|23097	0.0351007319372452	0.0163703274561411	0.0335398362526607	0.0596561887480659	0.014850225620928	0.0501439027674932	0.0234778853768625	0.0656107341531255	0.11087528794462	0.0582549795617821	0.0189313742403907	0.0623361813781594	0.0245705123560716	0.0417593321236461	0.0947569206853111	0.0653812145100189	0.0652372175005086	0.0454876832247974	0.0101859815282656	0.0304254228863422
ERS1018584|ERS1018584|SC|contig000002|-|3642035|3650179	0.120770427708469	0.0184905772500296	0.0295459960689947	0.0307003099650035	0.00667656723205175	0.104418992869202	0.0341727350961425	0.0147242266440062	0.017713063674221	0.0505451279293854	0.00702947564877159	0.0170470627262387	0.139682406505843	0.0355078081427236	0.151470737673473	0.0731537141697343	0.069680543238866	0.0377035512070476	0.0121834983082464	0.0106684516402679
ERS1018584|ERS1018584|SC|contig000002|-|4672861|4678353	0.106970647078145	0.022096375004624	0.0306955939925696	0.0329444403802427	0.0100888566726115	0.100335466703826	0.0327254923877079	0.019852995569585	0.0208957548817756	0.0596691069705084	0.00920404140109526	0.0194693733029352	0.114044611663531	0.035123054896475	0.139915087458388	0.0795367059994972	0.0678485472841829	0.0458115931931215	0.0145111767874022	0.0140151245716505
ERS1022030|ERS1022030|SC|contig000001|-|1173088|1175700	0.0443943864593884	0.0257469897631446	0.0319354353738707	0.0366666109848146	0.0310437765659382	0.0458714640125659	0.030907102928916	0.0649995443649656	0.054835933422728	0.0891702543496385	0.0177156242320896	0.0477603291101179	0.0429648713318947	0.0354859329924592	0.081060997444203	0.0854628351478024	0.0663930359213752	0.0553083483800884	0.0118457343848542	0.0385053371055257
ERS1022030|ERS1022030|SC|contig000001|-|2003459|2006137	0.0408343778836851	0.017986986226684	0.0333905633005228	0.0512241596087566	0.0170968452700733	0.0479537984766322	0.0284332612405476	0.0628150475343844	0.090385291869376	0.0650416788640671	0.0176122573469614	0.0589178198852228	0.0347719361159708	0.043619207584931	0.0920585374924417	0.0722041272616365	0.0720524688254785	0.0455806582789832	0.00998141470533788	0.0317381292805311
ERS1022030|ERS1022030|SC|contig000001|+|704461|708384	0.0436684971960567	0.0215551090599538	0.0325579370069489	0.0419226178380025	0.0234935181480791	0.0452416480267221	0.0314258264875226	0.0639117225824499	0.0690164919563278	0.0778465089791137	0.0172667238852489	0.0535995773507684	0.0421500482527885	0.0404648769299664	0.0855911150340592	0.0801534573321474	0.071890703417489	0.049310141554305	0.0104883086091024	0.0354858090399479
ERS1022031|ERS1022031|SC|contig000003|-|2177274|2180756	0.0464035869996036	0.0265280088891015	0.0333494968891562	0.0409502785105003	0.0283765376258726	0.0552520147971991	0.0280086850401593	0.0607954472113263	0.0550676116889369	0.0844810063033122	0.0186816964007757	0.0448465117091342	0.0389722057074911	0.0343922265729997	0.087353865510104	0.0829865856723508	0.0624009116131589	0.0591020940679086	0.0138923887780314	0.0356733615868113
ERS1022031|ERS1022031|SC|contig000003|+|979832|987625	0.0493257452209675	0.025878016660091	0.0326823252748457	0.0381263499799716	0.027827232080244	0.052139334966192	0.0309186922077377	0.0587558696727687	0.051778112170664	0.0855036435795474	0.0173863426726306	0.0443847655222188	0.0466639849392289	0.0360689415493491	0.087452095200939	0.0857234442224065	0.0669876337570868	0.0560666373189012	0.0128022779861796	0.035144063097684
ERS1031242|ERS1031242|SC|contig000001|-|2508946|2525751	0.0719090097953215	0.0279931488619401	0.0317434638738548	0.0328466818602675	0.0231899667149526	0.0687567485152315	0.0331987929030238	0.0394770243839878	0.030856199777496	0.083566474575828	0.0140304726494999	0.0298198358996562	0.0752057914518478	0.0343525896532258	0.104755691655589	0.0913140235091075	0.0675513825562496	0.0569591765956865	0.0149355550842466	0.0262967869132025
ERS1031243|ERS1031243|SC|contig000002|-|2511236|2517655	0.0390549646680528	0.013640309148555	0.0331212825867837	0.06046712356002	0.0109355143706965	0.0480755339352146	0.0269066282847859	0.0585791060602627	0.117711052900423	0.0512747655200478	0.0164512579294989	0.0644770383832272	0.031726954239932	0.0491214799069672	0.0995220882280728	0.0644318725978452	0.0760281081917531	0.0385424323233277	0.00845086524527382	0.0265535229267179
ERS1037083|ERS1037083|SC|contig000001|-|1803661|1806225	0.0379655579870576	0.0194776576059591	0.03335633698024	0.0505091540338669	0.0199645990461081	0.047776881961241	0.0265063749217979	0.0671725920513264	0.08866160431302	0.0691456845011548	0.0187895362381333	0.0585522843778142	0.0301690594718583	0.0401367384733407	0.0884747120209245	0.0722710339169741	0.0666431133951386	0.048971304010272	0.0107041101661797	0.0341902454047461
ERS1037083|ERS1037083|SC|contig000001|+|1064207|1069477	0.0472290037584557	0.0211002832599547	0.034814522872065	0.0514521311684046	0.0181439695160658	0.0608032466622734	0.0270422275426586	0.0558884813011584	0.0729994439902769	0.0674266942356213	0.0182915437667435	0.0493942768692962	0.0366851922958289	0.0399655122008624	0.0986811349268602	0.0754263759884583	0.067007739743521	0.052284239046774	0.0128924120200758	0.0299367375274031
ERS1037084|ERS1037084|SC|contig000004|-|1316534|1321825	0.0380738627790188	0.0230708127924713	0.0332465325032192	0.0456058936893935	0.0260636759640033	0.0484349467483911	0.0261345165295924	0.0694765459090925	0.0742467083689009	0.0787658161832312	0.0196050180456203	0.054125583413746	0.0299291962567029	0.035849993750683	0.0836797564684122	0.0762595304021966	0.0619845102802754	0.054718174376404	0.0120423435383124	0.0375594417884306
ERS1037084|ERS1037084|SC|contig000004|+|215043|216395	0.0342288065843621	0.0233942529086013	0.0324224575522024	0.0434359786617894	0.0295550170197632	0.0433256515775034	0.0256148952903521	0.0758874317939339	0.0760516067672611	0.0828373012244068	0.0199479591525682	0.0567681463191587	0.027041975308642	0.0343159689071788	0.0776647852461515	0.0756652559061119	0.0599308641975309	0.0547352537722908	0.0113930417111213	0.0409607559823198
ERS1043805|ERS1043805|SC|contig000001|-|49346|52237	0.0294692715509025	0.0171999366077576	0.0313918125531719	0.0503854160005825	0.0205845395180498	0.0374393699930784	0.0247091190042856	0.0789323580422785	0.11005472797265	0.0683074405531696	0.0189369906204436	0.0685678052368925	0.0231958488057193	0.0396593614315855	0.079854687551485	0.0666600463055042	0.0643684804358711	0.044806687880804	0.00866976065260278	0.0375690923042433
ERS1043808|ERS1043808|SC|contig000001|+|2434114|2440020	0.0983297977669817	0.0246738243971712	0.0315773814823901	0.035775530465598	0.0125251133841505	0.103674401306174	0.0299495101592579	0.0231814615827039	0.0232418622435631	0.0641052176210565	0.0110087330673795	0.0205145008578389	0.0932607182398043	0.0339312369434367	0.13410532823258	0.081492297234698	0.0638807471026946	0.0526279838298044	0.0169454263652538	0.0160295492532911
ERS1043812|ERS1043812|SC|contig000011|-|14541|19085	0.0363273666145672	0.0204035742115015	0.0329391034656266	0.0481060796009368	0.0225979606830591	0.0453271787306922	0.0263989712366708	0.0706511313355789	0.0860138693174972	0.0732376484882334	0.0191103899304908	0.0588952532492952	0.0291144872040223	0.0385545105384964	0.084433446215504	0.0731734464275723	0.0649534817751672	0.0502020769602599	0.0106881128182676	0.0364816750896444
ERS1043812|ERS1043812|SC|contig000030|+|33069|37985	0.0543526515239987	0.0227544811555029	0.0336904096578639	0.042461693865017	0.0204693502820141	0.0571749020059968	0.0320273936917736	0.0521241922481418	0.0565553624670227	0.0746927947376807	0.0163802957720157	0.0448727583953676	0.0516697121296226	0.0403657123806162	0.0968143453890157	0.0825846672415801	0.0723931060723897	0.0514330820598627	0.012298305132344	0.0303070323475422
ERS1043812|ERS1043812|SC|contig000046|+|8219|12307	0.0353679541353796	0.0212113676767009	0.0304786669388924	0.0377601457253894	0.0292705680604606	0.0344145176310882	0.0313230627247984	0.0766970916521307	0.0748726900069397	0.0850693373841302	0.0174688688318254	0.0604346126769858	0.0363478051074679	0.038806271134668	0.073128099860769	0.0792845772629123	0.0701293338594664	0.0474902182613698	0.00880998175284344	0.042058952002746
ERS1043815|ERS1043815|SC|contig000001|+|449754|451088	0.0322394466538611	0.0235144648747441	0.0330004137730783	0.0466310194619585	0.0289408798458389	0.0461024087150213	0.0230772124287261	0.0769641757115718	0.0805444881615647	0.0805740404798923	0.0210437421161659	0.0570007146989535	0.0225450675901126	0.0326091045188521	0.0788704661158196	0.0726797327316766	0.0556863169475782	0.0567414261107955	0.0121832191198855	0.0406158938745579
ERS1054585|ERS1054585|SC|contig000001|-|1863486|1866056	0.0288811007268951	0.0243611311274153	0.0325380567565338	0.0452624364937258	0.0326940040177275	0.0434027777777778	0.021651491972572	0.0826599944641777	0.0811339749485664	0.084239425393866	0.021752630122152	0.0583252269710578	0.0192180782407003	0.0301185558724605	0.0741435372206209	0.0712981134330024	0.0517700478450326	0.0582489615784008	0.0121352003288335	0.0436678967311986
ERS1054586|ERS1054586|SC|contig000005|+|2066887|2067615	0.116180588757599	0.0243625066631444	0.0287293710650287	0.031034306279415	0.0102477210567194	0.120483573526398	0.0277033220984205	0.0164128635078831	0.0153940011306622	0.0599395005204345	0.00872582616874798	0.0142506800917801	0.112031282016256	0.0299259381980073	0.147214895037013	0.0775989837963995	0.0576292602964278	0.0506795983880882	0.0175912655561959	0.0120845767178295
ERS1054588|ERS1054588|SC|contig000003|-|3029234|3031123	0.0261134603227561	0.0173106959499912	0.0323686300982712	0.0582539292421409	0.0192438701169953	0.0435962007083301	0.0193883165055635	0.0797080380585748	0.121091289465263	0.0636629401815666	0.0210348070965027	0.0672840305849851	0.0156415650664224	0.0348932165003687	0.0843673895648971	0.061398314416462	0.0542815330059321	0.0484648119549457	0.0101193089084518	0.0359834009721898
ERS1054593|ERS1054593|SC|contig000003|-|1417510|1420419	0.0212234586953026	0.0199655380771305	0.0314070344847364	0.0512176254674163	0.0278597135934428	0.0376416059878951	0.0177082215711812	0.0929250001200529	0.112424504128832	0.0750477672402778	0.0223686299904865	0.0689395544186236	0.0119664182005429	0.0288780228699262	0.0724410841627189	0.0610220380187845	0.0465862444411074	0.0525247232490664	0.0101905551814494	0.0438250640771056
ERS1054593|ERS1054593|SC|contig000003|-|2883328|2886000	0.0223366858842178	0.0154599983198631	0.0308447044401164	0.0582844739745057	0.0184204235300496	0.0374937227342227	0.0183755686026226	0.0856333316048623	0.138552453606707	0.061421347290133	0.020563136293411	0.0733232915994257	0.0133069618033638	0.0347226653465141	0.0806211598587235	0.057458628046844	0.0530982339491366	0.0446733717684355	0.00865023715516149	0.0367511372052451
ERS1054597|ERS1054597|SC|contig000001|-|3233693|3235933	0.0288561135508932	0.0156178256402985	0.0327309750121149	0.0626491318591261	0.0151348001050315	0.0469638089670577	0.020110990832186	0.0723995318466268	0.127235865734514	0.0569326097567994	0.0200306748121015	0.0664742482204807	0.0177301481199303	0.0384936933897311	0.0915052454100193	0.0606946314428774	0.0586046842219171	0.0455113200299322	0.00986281957753223	0.0317186768158639
ERS1058928|ERS1058928|SC|contig000001|+|605731|612153	0.0370554924738696	0.0196178084157046	0.0330039203612535	0.0490902945629029	0.020991484278511	0.045604201240283	0.0268171898486043	0.0690836946131687	0.0883696914524029	0.0708730890466702	0.0187589117279965	0.0594118712265308	0.0301092768897817	0.0398881022196016	0.0861457870367725	0.0726541081505801	0.0667052920682059	0.0487974932308499	0.0104207730871488	0.0353149169729824
ERS1066621|ERS1066621|SC|contig000001|-|1908675|1910591	0.0335098908226138	0.0183026896355185	0.0325240898580593	0.0510344443544582	0.0201052272511378	0.0428061831153389	0.0254607774141374	0.072797207836663	0.0996202663787783	0.0683577726538684	0.0189905759573904	0.0634876804552522	0.02623249029043	0.0399512064390961	0.084544335177072	0.0693341972010821	0.0654119838532334	0.0470219435736677	0.00972867798075884	0.0357272199198379
ERS1066621|ERS1066621|SC|contig000001|+|82776|84107	0.034048581139267	0.0157572102845893	0.0314018690671459	0.0497909013418753	0.0171673886369067	0.0373952365503915	0.0285915850650278	0.0713529729382316	0.108106314975745	0.0643163952861253	0.017106076534632	0.0681799336166047	0.0310014318544298	0.0453349062801511	0.0838394824811423	0.06849759949125	0.0739264913451788	0.040741891961516	0.00787860514229467	0.034212153069264
ERS1066621|ERS1066621|SC|contig000001|+|942078|946610	0.0339068949217627	0.0210816590939747	0.0331993126439112	0.0497531894393308	0.0237276224292389	0.0468010662300386	0.0240525632420173	0.0731659604411061	0.0881849898531812	0.0737212711378074	0.0201979271076856	0.0588440878188507	0.0245651993820934	0.0360456780631886	0.0836600843610935	0.0713618688670788	0.0600982413052059	0.0526750776038088	0.0113954914021485	0.0373661651492184
ERS1066625|ERS1066625|SC|contig000002|-|1415649|1417154	0.0374110948650492	0.0212851629117746	0.03198558448427	0.0424328883947668	0.0257662498405692	0.0409099742409171	0.0292499752849574	0.071864629568414	0.0771887739549541	0.0794692760028426	0.0182208902325253	0.0581843033546095	0.0342114617515911	0.0388037597820565	0.079843983259816	0.0772726993209085	0.0680537350670139	0.0495226003968997	0.0100165472525998	0.0387193917441163
ERS1066625|ERS1066625|SC|contig000002|+|969394|972684	0.0363126476281812	0.0242747766160173	0.0330942340080516	0.0445190622961379	0.0289001512980679	0.0478183033785024	0.0251313654636943	0.0721960269500575	0.0722583389424102	0.0821088410711461	0.0202058946582683	0.0537148415680059	0.0275753902711919	0.0338072434126444	0.0808317099243191	0.0763259813929238	0.0589386088763386	0.0569297186258665	0.0124490473515809	0.0394000894449126
ERS1066633|ERS1066633|SC|contig000002|+|964070|964555	0.11357586512866	0.025285088106403	0.029202496122888	0.038284612141968	0.00935021487268029	0.158018594961614	0.0209892940883258	0.0150357050537029	0.0163507197689655	0.0542575848949898	0.009920465190072	0.0124718993858168	0.0816326530612245	0.0275170649770395	0.151860477270628	0.0712019045819238	0.0485063590653653	0.0584339595951802	0.0232284062987052	0.0107988397121096
ERS1068201|ERS1068201|SC|contig000006|-|816148|818241	0.0556085027471931	0.024919294924591	0.0339371982270661	0.0422848012281382	0.0222086082629465	0.0627992574127784	0.0300512594987761	0.0509073973511747	0.051322774009725	0.0772307919036942	0.0170232777358108	0.0411909505198741	0.0492411169364458	0.0374430300951453	0.0978933039753312	0.0834966844540492	0.0674942895939213	0.0559680404804723	0.0140254678200705	0.0302455564351906
ERS1080589|ERS1080589|SC|contig000001|-|2607368|2626897	0.0691196859498849	0.0316665199372569	0.0331071912278904	0.0388042796405207	0.0242764020172098	0.0897206043321963	0.0255053861639381	0.0386161726528848	0.0311018059420005	0.081442889282981	0.0165130862587164	0.0265355637675415	0.0532489835681623	0.0298943552846959	0.107923965590406	0.0860961930742374	0.055399741448634	0.0687822174432498	0.0206026112472765	0.0253808592008652
ERS1080592|ERS1080592|SC|contig000002|+|748370|768664	0.0578682615637049	0.0314841224621546	0.03421663490299	0.0427082438308315	0.0266399986619628	0.0836524204722621	0.0236700524290577	0.0462636800548614	0.0392735375626167	0.0822159926486593	0.0188255937212772	0.0314648455565577	0.0400315457400991	0.0295442954426948	0.100576505394536	0.0831813285348453	0.0532143478717525	0.070781720917576	0.0204720047341442	0.0289520887592858
ERS1117686|ERS1117686|SC|contig000001|-|1968850|1969239	0.0396610780602127	0.0200127317516003	0.0286498054549225	0.03128249028051	0.0288062047939701	0.0290847905774893	0.0390679165294398	0.071554120994911	0.0644608890628691	0.0885411768404135	0.0147120622606359	0.059035962755598	0.0540832882639264	0.0426579412916046	0.0709435683407227	0.0857377208446227	0.0817258578210444	0.0418644712857801	0.00713967727354389	0.0412383563366309
ERS500982|chromosome|-|4146612|4169603	0.0604140230350831	0.0280047354710986	0.0345759509205742	0.0443424898769914	0.0222269344373618	0.0805355713692035	0.0259372629989715	0.0448609271250638	0.0434521057301665	0.076454988270346	0.017775444188516	0.0338816760017215	0.0453197775496163	0.0332636642332918	0.104756512912075	0.0825256460885173	0.0592009272322634	0.0639198633583286	0.018139683698714	0.0274424086245759
ERS500982|chromosome|+|2578729|2581185	0.076019791050189	0.0213662318444824	0.0345929467958286	0.0444490377823496	0.0128197391066894	0.0813667488304775	0.0323196960063884	0.0338972227261918	0.0431790652742824	0.0620841651023959	0.0135279680207151	0.0336045768873763	0.0710242047811766	0.0415281010137952	0.120468828832539	0.080204821425942	0.0738477970201836	0.0488200492982865	0.0139258494330891	0.0207557680774972
ERS513130|chromosome|-|156471|160811	0.0686209085183506	0.0233275413063591	0.0330519027876985	0.0376130327929008	0.0181271340087631	0.0641824497546105	0.0353375666747459	0.0410001594767005	0.0414119833297634	0.0739519143870383	0.0139114465158672	0.0363901750437809	0.0733663034659344	0.0402141160433653	0.106233941311251	0.0863751565408117	0.0755516827181112	0.0498742603188693	0.012635272496643	0.0256836442044536
ERS513132|chromosome|+|1301023|1307160	0.0840804793531045	0.025195600176673	0.0328579472787023	0.0377987322007364	0.0154433558100441	0.0883935414063761	0.0312546812108271	0.0304322210045265	0.030214118173615	0.0693017138631406	0.0128759849483313	0.0262647407523838	0.0799778682443181	0.0359543861668189	0.121879211553841	0.0843941182857039	0.067209067377646	0.0541798132085134	0.0161082280835091	0.0201399040885906
ERS513142|unitig_0|quiver|+|1992369|1995461	0.0909969522732271	0.0210573161694787	0.0300514329949038	0.0280580338100103	0.0132176800352255	0.0648682984049183	0.0421560127399921	0.0271853272694013	0.0251345792071884	0.0694597112782295	0.00928999242771118	0.0269202798747232	0.12765010839853	0.039359681481895	0.119054986083237	0.0871702314993183	0.0815156942218871	0.0407178391512448	0.0103705305540549	0.0188632883093805
ERS523576|chromosome|+|1489181|1496125	0.0942229192765741	0.0211682581598323	0.0322316685565748	0.0353876252239457	0.011113597647064	0.0845869604354838	0.0359034287190375	0.0251759231037778	0.028289067415279	0.0616699824151231	0.0103250434179418	0.0257661778357166	0.104956585167417	0.0394189049671391	0.12961054450052	0.0816998678795905	0.0753223336861766	0.0444092016154596	0.0129159000376855	0.0169220250965673
ERS523577|chromosome|+|4493439|4495097	0.06977700763145	0.0247653076377185	0.0345190287996507	0.0441102857701176	0.0169090860971817	0.082621531424304	0.0291526251627302	0.0382545037874829	0.0419789064156791	0.069249211062612	0.0154314777990185	0.0328510925341213	0.0589293215710985	0.0372528043688808	0.113887293401568	0.082160893253897	0.066405429531611	0.0564117599010479	0.0162149744643109	0.0235686646216102
ERS523581|unitig_0|quiver|-|1746033|1748984	0.069396307821872	0.033280794466417	0.0316027712160094	0.0330273066730417	0.0286640376948392	0.0790240922861702	0.0277524939025993	0.0400165320701622	0.027011476386396	0.0897256642128371	0.0156479740972474	0.0258464160246736	0.0609415103670963	0.0290034731700535	0.102423614494914	0.0913723294606615	0.0567559670726529	0.0680617634406822	0.0191329948770178	0.0272187920967801
ERS523594|chromosome|-|4298816|4315807	0.0584022816146983	0.0285124044145744	0.0337800711301671	0.0405002328344211	0.0252099066441861	0.0709103387077014	0.0278215174692755	0.0481876263159925	0.042424978647728	0.0818628693503332	0.0174890350143241	0.0353854458633646	0.0481005528948643	0.0333562925599145	0.0989025144491194	0.0854178090741974	0.06117781002919	0.0626970280351029	0.0166955886062043	0.0298674368966994
ERS530431|unitig_1|quiver.unitig_0|quiver|quiver|-|2044356|2046443	0.0760926798129841	0.0229810229969329	0.0345950883824797	0.0447566819997757	0.0138781502513946	0.0872869474204809	0.0301583806191422	0.0337624990323977	0.0406878927270688	0.0639066434963411	0.0141577259387046	0.0314500803477088	0.0663340406811242	0.039016782847207	0.12084936181276	0.0805471612565545	0.0691751634663492	0.0527122474682125	0.015573498532575	0.0208918390881208
ERS538528|chromosome|-|2716790|2721055	0.0477900139485854	0.0314821202414183	0.0330237704594259	0.0377912866173008	0.0347677305132931	0.0611294595895741	0.02581744483735	0.0588697733013845	0.043779090094615	0.0925646021139994	0.0193358495044124	0.0382561894980636	0.0373614530300136	0.0295446111695027	0.0855813005658862	0.0858013570212413	0.0553620560068527	0.0675091944613512	0.0166912247155206	0.03647027401781
ERS569354|chromosome|-|1112972|1115431	0.0441210306900173	0.0189106517126317	0.0318983445869674	0.0415545444947373	0.0202069463864814	0.040752385888731	0.0345351029096804	0.0626434276075007	0.0748987152788209	0.0734694069561316	0.0158445385483531	0.0574941936708646	0.0477681320172163	0.0449894967614394	0.0856755751847545	0.0790438007678326	0.0795245996711198	0.0435458962117489	0.00879070595076412	0.0340849246594611
ERS605484|ERS605484|SC|contig000001|+|1593727|1599135	0.0805928560215017	0.0201495529585906	0.0350015708670353	0.0470888812402067	0.0105906348678095	0.0899112316661076	0.0313740175631106	0.0302091892510134	0.0429929329028414	0.0566076891877986	0.0129376739170126	0.0319570172012413	0.0722402342993473	0.0422086023701544	0.127681737261708	0.077361295315104	0.073582619933265	0.0472574764833582	0.014170249607755	0.0183968774699038
ERS617389|chromosome|+|831993|841823	0.034760476864669	0.0290665019259745	0.0323250783750748	0.0386038946703003	0.039653547803953	0.0467506413527985	0.0240346465094674	0.0758416377834927	0.0585689206668463	0.0947773138094483	0.0209221706205273	0.0490428483205841	0.025845436915848	0.0287031310960351	0.0733643715349693	0.0797465477542162	0.0527377776055025	0.0637788749561236	0.0137902024096218	0.0440990128043962
ERS636087|chromosome|-|2524116|2528231	0.0325579902403349	0.015030353102722	0.0324808478067298	0.0588965304621346	0.0143361104651829	0.0443321062077516	0.023854294694088	0.0688057016364539	0.121397582996432	0.0570493887397776	0.0183510125091374	0.0669495535046337	0.0239109489524861	0.0432542648659557	0.0914545207024695	0.0635350047796128	0.0671085595600436	0.0422844338655922	0.00890306825373276	0.0309805777001834
ERS646603|chromosome|-|2408131|2414313	0.0324438369937474	0.0200044286162221	0.0317995546158068	0.0456625058988506	0.0249318697074519	0.0390989830437469	0.0263868644684354	0.0774525623356367	0.0904655701973137	0.0762361899065027	0.0190897602206834	0.0630005906095484	0.0269214817607692	0.037890164469259	0.0781063428925981	0.0722348768265084	0.0642770289376944	0.0487297472795635	0.00963555844265802	0.039632341800224
ERS685285|chromosome|+|686190|691409	0.04919732598883	0.0243301256968763	0.0340823669513089	0.0445588132278058	0.0231212945305488	0.0590740618881027	0.0283840532338976	0.0565697308930319	0.0593180415840191	0.0769814387191385	0.0181641982204012	0.0453714790329727	0.0409719055553663	0.0371089170099077	0.0937561392166359	0.0808353463018926	0.0654929702438053	0.0561389941444509	0.0136446702271734	0.0323890001390593
ERS715416|chromosome|+|2820686|2822650	0.0815832104584454	0.0211170732255588	0.0336960705481911	0.0401717399719775	0.0124398758637837	0.0785827771491156	0.0349826477873039	0.0313165016210276	0.0377614355736589	0.0628904835335734	0.0121983540308535	0.0316743063152996	0.0846982057668588	0.0417055700436349	0.121754950430423	0.0817559981637117	0.0766882178309387	0.0462923996296608	0.0129769723732484	0.0198500488320253
ERS715424|unitig_0_quiver|quiver|-|1209055|1217274	0.0706200730877752	0.0271318201686423	0.0342117803428264	0.0430821979571474	0.0187230608758699	0.088828227525404	0.0271989940087722	0.0374416987871742	0.0374880211705517	0.0723108984241437	0.0158971429143186	0.0297694176849992	0.0561442557378107	0.0342511390047227	0.113702271044923	0.0829451096684043	0.0614501330134949	0.0612983685250848	0.018269405442124	0.0236087826783898
ERS715478|chromosome|+|42956|52924	0.0752480166461212	0.0263333400351315	0.0341845263792825	0.0435614777046813	0.0166958362220782	0.0944609323717497	0.0272315521924418	0.0341426555068195	0.0358532436478947	0.0689842378197504	0.0151497832561768	0.0281355504414532	0.0599429189084348	0.0347012750895927	0.118809494350802	0.0818931938055859	0.0619328272820345	0.0598900198060522	0.0184068965147439	0.0216736370318533
ERS739102|chromosome|-|4352351|4362253	0.0778492704826038	0.019271316872428	0.0362111073699963	0.062546458184539	0.00800736625514403	0.126491592694623	0.0222861316872428	0.0264402820913966	0.0488327786280312	0.0461778189300412	0.0145941735763924	0.0282716086793865	0.0479123456790123	0.038494227459783	0.140395728667143	0.0685580209502432	0.0607803591470258	0.0525581369248036	0.0186926464759832	0.0150459670781893
ERS798864|chromosome|+|48088|52281	0.031257399521227	0.0134170872016285	0.0331480977922586	0.0712273175701424	0.0105815172260266	0.0535683348685338	0.0193420859282663	0.0632646313418185	0.138783123925329	0.0473885987142053	0.0190520622171884	0.0645875307498647	0.018238853741252	0.0415615069532996	0.102484717091369	0.0577995520538448	0.0609035928815659	0.0422471919324004	0.00977804251358348	0.0261425719701833
ERS807425|unitig_0_quiver|quiver|+|940773|947237	0.0252177072907049	0.0139284665402386	0.029724658978883	0.0534631913119537	0.0168197330658179	0.0322797774691382	0.0232215897449155	0.0824074633545985	0.137779387084725	0.0607046000806266	0.01804849367189	0.0766030832599638	0.0197006550496721	0.0417666791730767	0.0786808986026586	0.0601770496951347	0.0649882689179922	0.0389804031108801	0.00700344289875143	0.0358948939607183
ERS811739|chromosome|-|1862360|1863688	0.0263371620837684	0.0109822881419973	0.0284922013643784	0.0549088119008882	0.0120466508694155	0.0293065480049776	0.0256053263362696	0.0758226546038016	0.156260319330281	0.05210539351952	0.0156612762466451	0.0810835333981871	0.0236686390532544	0.0493453639990361	0.0812459739846566	0.0573818637382037	0.0749506903353057	0.032146830190482	0.00550326580183969	0.0312535600869173
ERS811739|chromosome|-|85122|85850	0.0308114958753576	0.0174191637268551	0.0274686812615792	0.0335168312641287	0.0283061410561395	0.0237992244002762	0.0355621319904373	0.0838130786811639	0.0858868801143298	0.0846073666732961	0.0152883791731113	0.0703884957327966	0.0398898830529184	0.0433923261901666	0.0643283271394863	0.0775373620590353	0.0789544581806039	0.0386737396504489	0.00596619675048247	0.0446366070500661
ERS812508|chromosome|-|2291273|2300290	0.0404625679330899	0.0167110492857739	0.0319061934527518	0.0461492567444145	0.0172513173228836	0.0396016622323858	0.0325998063538986	0.0645436305326724	0.0909608538730488	0.0667231025830536	0.0160353514991849	0.0628875697039746	0.0413421889751136	0.0471525014562496	0.0866118246775043	0.0736769157560308	0.0797523078101482	0.0408819835308688	0.00813558274590999	0.0329377203313804
ERS812509|chromosome|+|867525|875075	0.0362099099941614	0.0182213413117782	0.0334502889649066	0.0542173433639527	0.0179690289396103	0.0484256525767327	0.0250121968057881	0.0674288397554668	0.0981526499069271	0.064833309544015	0.0190248518487906	0.0605569048268959	0.0270756822472898	0.0405406023227148	0.0904272533581141	0.06915879743597	0.0655527991285028	0.047755098687952	0.0105089055273832	0.0329871001351698
ERS836409|chromosome|-|1461161|1492822	0.0328321514829665	0.017178850771176	0.0303828392119483	0.0434780458845019	0.021816931017705	0.032883702313976	0.0303352089118425	0.0767924195942114	0.0976570983592845	0.0729166060951085	0.0170100038926757	0.068243635540511	0.0327806814667068	0.0434098866068568	0.0763101973674684	0.0720792712729671	0.0737450955186993	0.0417619009878417	0.00757304632398999	0.0385858353412846
ERS846857|contig|-|2209498|2212167	0.0408272925389388	0.0170016302323033	0.0324774731360665	0.0481718945118752	0.016877982012432	0.0425284297280613	0.0311783742106238	0.0635519326281747	0.0913514290470651	0.065564468586755	0.0165108941641455	0.0615890990562134	0.0391942008373813	0.0462450187314001	0.088999187050814	0.0730078399110858	0.077423392942024	0.0422191320573117	0.00870660766086294	0.0322412733314406
ERS846866|chromosome|-|1294330|1298709	0.0365556573922224	0.0261316550037984	0.0318479545358793	0.0382367598952638	0.0350729497622724	0.0428453112514275	0.0271727029318263	0.0745944905789507	0.0625462231399348	0.0911723636501177	0.0194706449047909	0.0520956607308753	0.0311893191657703	0.0326236373057825	0.0747924172874862	0.0809116183205839	0.0597963402376088	0.0575054067127327	0.0119031068041434	0.0427451575227695
ERS849586|chromosome|-|1608487|1622781	0.0404475564197037	0.0235914329171136	0.0331425664019077	0.043764976870712	0.0264684369313957	0.0487936322571665	0.0274735813347458	0.0672264421161225	0.0689814776397412	0.0803319302689169	0.0190600698482801	0.0522386475818475	0.0335290640324247	0.0362790448117369	0.0842125332904158	0.0785227516532826	0.0637526261464827	0.0547440752153575	0.0120925724499639	0.0371843427923843
ERS849595|chromosome|+|628578|632936	0.0390705831164133	0.0182590878682489	0.0332072467131781	0.0509409596175978	0.0180652546637028	0.0467655518369267	0.0277432093028356	0.0652507515848424	0.091661280840582	0.0663684892366076	0.0180041616850971	0.0597518929711644	0.0326417716694451	0.0425589545849782	0.0900115427340111	0.0718630678007547	0.0703021638878138	0.0462691022420549	0.0100058526887088	0.0328547281705753
ERS879566|chromosome|-|1222452|1228619	0.0360999520485908	0.0187983704385287	0.0328632406728392	0.0502043602898725	0.0199958107657719	0.0446706909015325	0.0265579373971602	0.0696838851226294	0.0933577628414129	0.0689465942637981	0.0186750518952666	0.0611109993478814	0.0291736373807875	0.0405719043631893	0.0863043123384632	0.0712627291911407	0.0671298417603495	0.0475161762007092	0.0100427538669139	0.0349566013603647
ERS879568|chromosome|-|1285798|1292271	0.0345714165557442	0.0181879439983619	0.0324632924836742	0.0502088703112316	0.0198525570274693	0.0424343446305773	0.0264479637188823	0.0716497770595324	0.0978187818441624	0.0684401553606777	0.0185887802297308	0.063246189482447	0.0281654601496911	0.0409053512062997	0.0847802868669758	0.0701987846731774	0.067353314925182	0.0463180580926407	0.00954133386454799	0.0354344265294418
ERS901505|unitig_17_quiver.unitig_2_quiver.unitig_15_quiver|quiver|-|1429063|1431327	0.047684966943176	0.0233219412438825	0.0322147936060358	0.0381229121245173	0.0256206130707949	0.0463524528968597	0.0331408862353674	0.0606343569449148	0.0578497578234461	0.0827042967724539	0.0166360179336189	0.048884460934005	0.0490557873481133	0.03921884799668	0.0858078790676933	0.0845997162232826	0.0723597342320474	0.0509210724842299	0.0109631133067285	0.0353899683351728
ERS901509|chromosome|-|1607950|1609452	0.0373813333333333	0.01470912	0.03306944	0.0587901155555556	0.01272384	0.0472337777777778	0.02617152	0.0621917368888889	0.114334151111111	0.05495616	0.0172695964444444	0.06431296	0.029584	0.0465271466666667	0.0961714488888889	0.06540544	0.0726986666666667	0.0408586666666667	0.00887995022222222	0.02860608
ERS950456|ERS950456|SC|contig000001|-|1576318|1579920	0.0430451388888889	0.0234620852623457	0.0332244701646091	0.0433002211934156	0.0253565393518519	0.0500019290123457	0.0286019351851852	0.0642102366255144	0.0662681646090535	0.0795670717592593	0.0184934670781893	0.0508478847736625	0.03705625	0.0372758425925926	0.0863453600823045	0.0797453034979424	0.0658777777777778	0.0540393518518519	0.0120837995113169	0.0359071913580247
ERS950474|ERS950474|SC|contig000003|-|3582|5048	0.0963539333811102	0.0179198778232295	0.0348763213548874	0.0521065312235712	0.00647203354392365	0.12374632341963	0.0271561259481745	0.0203640660512946	0.0366263384522966	0.0444691337050238	0.011051100122673	0.0245150064669306	0.0750251015258742	0.0405722699430137	0.148460464604681	0.0696759943818515	0.0677283958911881	0.0446928469049539	0.0157218689590514	0.0125961082951632
ERS956181|ERS956181|SC|contig000001|-|1237759|1240530	0.0435723582077328	0.0285766275528135	0.032078111561261	0.0360386759488093	0.0353828063826842	0.04900890932356	0.0285196913554441	0.0656691295840802	0.0500896442224886	0.0937015030687685	0.0186712321127278	0.0445849119905291	0.0387388829089957	0.0320409109169675	0.0796110341565421	0.0860282255574586	0.0605606022724116	0.0606815043663654	0.0134336447008241	0.0397182490619855
ERS956182|ERS956182|SC|contig000001|-|1488915|1493096	0.0512613317845509	0.0288022522145842	0.0332082624683733	0.0387343652430482	0.0296419680225896	0.0606297820762102	0.0280769566059133	0.0558091058399837	0.0459617686703225	0.0873304440325585	0.0182309745743947	0.0394045563400231	0.043340484599183	0.0327491717798366	0.0899956970275991	0.0859640937218615	0.0608261283857499	0.062397414206712	0.0153641874177331	0.0341764333858186
ERS956182|ERS956182|SC|contig000001|-|1676340|1680161	0.050377582464327	0.0263886493951087	0.0333554803237743	0.0402346868376896	0.0267635700968972	0.0574040945888657	0.0292726237158369	0.0567536274810689	0.0515795493558578	0.0833765960669501	0.0178820830389732	0.042760632152773	0.0442111461408247	0.035309785279415	0.0906122693020166	0.0844488098613649	0.064582408995252	0.0582196718890354	0.0139489394549535	0.0338293833229099
ERS956184|ERS956184|SC|contig000001|+|342584|348736	0.0443933372992266	0.0204128704738168	0.0345078411127716	0.0518319566266692	0.0182729235351049	0.0570549540617357	0.0268498722885623	0.0588272449132582	0.0784359697624817	0.0671859964199483	0.0184612738255877	0.0522198303564951	0.0345415823914337	0.0403294257483205	0.0962252939258958	0.0742472819218139	0.0671792980368828	0.051073699517483	0.0121995552180785	0.0308902730178997
ERS956188|ERS956188|SC|contig000001|-|1574060|1577647	0.0392915623559345	0.0215657610994984	0.0334333101069147	0.0474974236765352	0.0229509674169725	0.0490526737588239	0.0267803340402995	0.0670533316123434	0.0783647670229989	0.0744208884289997	0.0190757238624868	0.0551607509320634	0.031472838360673	0.0380457952875018	0.0867889860324697	0.0752486378030919	0.0648261293278012	0.0522034122496299	0.0115619272876447	0.0355807897233539
ERS956190|ERS956190|SC|contig000002|-|882832|884931	0.0523908510670715	0.0228518404562525	0.032904688725634	0.039728082071897	0.0223717597743985	0.0515248865866241	0.0334577087042161	0.0549662565185797	0.0560032417442078	0.0783011592103946	0.0161406157327847	0.0463845507035723	0.0532713695724005	0.0403957809302482	0.0921189331389686	0.0841948916610444	0.0738534896344643	0.0504424309860647	0.0114499747970276	0.0322134137524064
ERS970067|ERS970067|SC|contig000002|-|2344036|2347437	0.0427560292597697	0.0260181710465237	0.0343745953944072	0.0465950856489677	0.0265491541291058	0.0600603244070626	0.0244707503828133	0.0623737478481967	0.0628166640861834	0.079616228088342	0.0202483756654512	0.0463417414500832	0.030437365367399	0.0331703310802375	0.0893511149087374	0.0780031966798864	0.0576410814630508	0.0612860453133292	0.0150194986013543	0.0350761177493951
ERS980032|ERS980032|SC|contig000002|-|1048775|1053631	0.0726920346894036	0.024100636098825	0.0339434605400477	0.0412214835573024	0.0165058230994167	0.0779254011108717	0.0316638628211219	0.037108054886839	0.0397612391213242	0.0698295921210235	0.0143702241702392	0.0327410353696253	0.0678101342047278	0.0384531034807603	0.113913518246706	0.0837281160321263	0.0701169663018823	0.053368835594752	0.0148979753256879	0.0232468866281655
